taxonomy_id,name,parent_id,parent_name,description,level,status,created_at,updated_at,owner,category_type,notes
1001,Category_1,1000.0,Parent_1000,Description for Category_1,2,Active,2023-01-01,2023-06-01,Owner_1,Secondary,Note_1
1002,Category_2,1000.0,Parent_1000,Description for Category_2,3,Active,2023-01-02,2023-06-02,Owner_2,Primary,Note_2
1003,Category_3,1000.0,Parent_1000,Description for Category_3,4,Inactive,2023-01-03,2023-06-03,Owner_3,Secondary,Note_3
1004,Category_4,1000.0,Parent_1000,Description for Category_4,5,Active,2023-01-04,2023-06-04,Owner_4,Primary,Note_4
1005,Category_5,1000.0,Parent_1000,Description for Category_5,1,Active,2023-01-05,2023-06-05,Owner_5,Secondary,Note_5
1006,Category_6,1000.0,Parent_1000,Description for Category_6,2,Inactive,2023-01-06,2023-06-06,Owner_6,Primary,Note_6
1007,Category_7,1000.0,Parent_1000,Description for Category_7,3,Active,2023-01-07,2023-06-07,Owner_7,Secondary,
1008,Category_8,1000.0,Parent_1000,Description for Category_8,4,Active,2023-01-08,2023-06-08,Owner_8,Primary,Note_8
1009,Category_9,1000.0,Parent_1000,Description for Category_9,5,Inactive,2023-01-09,2023-06-09,Owner_9,Secondary,Note_9
1010,Category_10,,,Description for Category_10,1,Active,2023-01-10,2023-06-10,Owner_0,Primary,Note_10
1011,Category_11,1001.0,Parent_1001,Description for Category_11,2,Active,2023-01-11,2023-06-11,Owner_1,Secondary,Note_11
1012,Category_12,1001.0,Parent_1001,Description for Category_12,3,Inactive,2023-01-12,2023-06-12,Owner_2,Primary,Note_12
1013,Category_13,1001.0,Parent_1001,Description for Category_13,4,Active,2023-01-13,2023-06-13,Owner_3,Secondary,Note_13
1014,Category_14,1001.0,Parent_1001,Description for Category_14,5,Active,2023-01-14,2023-06-14,Owner_4,Primary,
1015,Category_15,1001.0,Parent_1001,Description for Category_15,1,Inactive,2023-01-15,2023-06-15,Owner_5,Secondary,Note_15
1016,Category_16,1001.0,Parent_1001,Description for Category_16,2,Active,2023-01-16,2023-06-16,Owner_6,Primary,Note_16
1017,Category_17,1001.0,Parent_1001,Description for Category_17,3,Active,2023-01-17,2023-06-17,Owner_7,Secondary,Note_17
1018,Category_18,1001.0,Parent_1001,Description for Category_18,4,Inactive,2023-01-18,2023-06-18,Owner_8,Primary,Note_18
1019,Category_19,1001.0,Parent_1001,Description for Category_19,5,Active,2023-01-19,2023-06-19,Owner_9,Secondary,Note_19
1020,Category_20,,,Description for Category_20,1,Active,2023-01-20,2023-06-20,Owner_0,Primary,Note_20
1021,Category_21,1002.0,Parent_1002,Description for Category_21,2,Inactive,2023-01-21,2023-06-21,Owner_1,Secondary,
1022,Category_22,1002.0,Parent_1002,Description for Category_22,3,Active,2023-01-22,2023-06-22,Owner_2,Primary,Note_22
1023,Category_23,1002.0,Parent_1002,Description for Category_23,4,Active,2023-01-23,2023-06-23,Owner_3,Secondary,Note_23
1024,Category_24,1002.0,Parent_1002,Description for Category_24,5,Inactive,2023-01-24,2023-06-24,Owner_4,Primary,Note_24
1025,Category_25,1002.0,Parent_1002,Description for Category_25,1,Active,2023-01-25,2023-06-25,Owner_5,Secondary,Note_25
1026,Category_26,1002.0,Parent_1002,Description for Category_26,2,Active,2023-01-26,2023-06-26,Owner_6,Primary,Note_26
1027,Category_27,1002.0,Parent_1002,Description for Category_27,3,Inactive,2023-01-27,2023-06-27,Owner_7,Secondary,Note_27
1028,Category_28,1002.0,Parent_1002,Description for Category_28,4,Active,2023-01-28,2023-06-28,Owner_8,Primary,
1029,Category_29,1002.0,Parent_1002,Description for Category_29,5,Active,2023-01-29,2023-06-29,Owner_9,Secondary,Note_29
1030,Category_30,,,Description for Category_30,1,Inactive,2023-01-30,2023-06-30,Owner_0,Primary,Note_30
1031,Category_31,1003.0,Parent_1003,Description for Category_31,2,Active,2023-01-31,2023-07-01,Owner_1,Secondary,Note_31
1032,Category_32,1003.0,Parent_1003,Description for Category_32,3,Active,2023-02-01,2023-07-02,Owner_2,Primary,Note_32
1033,Category_33,1003.0,Parent_1003,Description for Category_33,4,Inactive,2023-02-02,2023-07-03,Owner_3,Secondary,Note_33
1034,Category_34,1003.0,Parent_1003,Description for Category_34,5,Active,2023-02-03,2023-07-04,Owner_4,Primary,Note_34
1035,Category_35,1003.0,Parent_1003,Description for Category_35,1,Active,2023-02-04,2023-07-05,Owner_5,Secondary,
1036,Category_36,1003.0,Parent_1003,Description for Category_36,2,Inactive,2023-02-05,2023-07-06,Owner_6,Primary,Note_36
1037,Category_37,1003.0,Parent_1003,Description for Category_37,3,Active,2023-02-06,2023-07-07,Owner_7,Secondary,Note_37
1038,Category_38,1003.0,Parent_1003,Description for Category_38,4,Active,2023-02-07,2023-07-08,Owner_8,Primary,Note_38
1039,Category_39,1003.0,Parent_1003,Description for Category_39,5,Inactive,2023-02-08,2023-07-09,Owner_9,Secondary,Note_39
1040,Category_40,,,Description for Category_40,1,Active,2023-02-09,2023-07-10,Owner_0,Primary,Note_40
1041,Category_41,1004.0,Parent_1004,Description for Category_41,2,Active,2023-02-10,2023-07-11,Owner_1,Secondary,Note_41
1042,Category_42,1004.0,Parent_1004,Description for Category_42,3,Inactive,2023-02-11,2023-07-12,Owner_2,Primary,
1043,Category_43,1004.0,Parent_1004,Description for Category_43,4,Active,2023-02-12,2023-07-13,Owner_3,Secondary,Note_43
1044,Category_44,1004.0,Parent_1004,Description for Category_44,5,Active,2023-02-13,2023-07-14,Owner_4,Primary,Note_44
1045,Category_45,1004.0,Parent_1004,Description for Category_45,1,Inactive,2023-02-14,2023-07-15,Owner_5,Secondary,Note_45
1046,Category_46,1004.0,Parent_1004,Description for Category_46,2,Active,2023-02-15,2023-07-16,Owner_6,Primary,Note_46
1047,Category_47,1004.0,Parent_1004,Description for Category_47,3,Active,2023-02-16,2023-07-17,Owner_7,Secondary,Note_47
1048,Category_48,1004.0,Parent_1004,Description for Category_48,4,Inactive,2023-02-17,2023-07-18,Owner_8,Primary,Note_48
1049,Category_49,1004.0,Parent_1004,Description for Category_49,5,Active,2023-02-18,2023-07-19,Owner_9,Secondary,
1050,Category_50,,,Description for Category_50,1,Active,2023-02-19,2023-07-20,Owner_0,Primary,Note_50
1051,Category_51,1005.0,Parent_1005,Description for Category_51,2,Inactive,2023-02-20,2023-07-21,Owner_1,Secondary,Note_51
1052,Category_52,1005.0,Parent_1005,Description for Category_52,3,Active,2023-02-21,2023-07-22,Owner_2,Primary,Note_52
1053,Category_53,1005.0,Parent_1005,Description for Category_53,4,Active,2023-02-22,2023-07-23,Owner_3,Secondary,Note_53
1054,Category_54,1005.0,Parent_1005,Description for Category_54,5,Inactive,2023-02-23,2023-07-24,Owner_4,Primary,Note_54
1055,Category_55,1005.0,Parent_1005,Description for Category_55,1,Active,2023-02-24,2023-07-25,Owner_5,Secondary,Note_55
1056,Category_56,1005.0,Parent_1005,Description for Category_56,2,Active,2023-02-25,2023-07-26,Owner_6,Primary,
1057,Category_57,1005.0,Parent_1005,Description for Category_57,3,Inactive,2023-02-26,2023-07-27,Owner_7,Secondary,Note_57
1058,Category_58,1005.0,Parent_1005,Description for Category_58,4,Active,2023-02-27,2023-07-28,Owner_8,Primary,Note_58
1059,Category_59,1005.0,Parent_1005,Description for Category_59,5,Active,2023-02-28,2023-07-29,Owner_9,Secondary,Note_59
1060,Category_60,,,Description for Category_60,1,Inactive,2023-03-01,2023-07-30,Owner_0,Primary,Note_60
1061,Category_61,1006.0,Parent_1006,Description for Category_61,2,Active,2023-03-02,2023-07-31,Owner_1,Secondary,Note_61
1062,Category_62,1006.0,Parent_1006,Description for Category_62,3,Active,2023-03-03,2023-08-01,Owner_2,Primary,Note_62
1063,Category_63,1006.0,Parent_1006,Description for Category_63,4,Inactive,2023-03-04,2023-08-02,Owner_3,Secondary,
1064,Category_64,1006.0,Parent_1006,Description for Category_64,5,Active,2023-03-05,2023-08-03,Owner_4,Primary,Note_64
1065,Category_65,1006.0,Parent_1006,Description for Category_65,1,Active,2023-03-06,2023-08-04,Owner_5,Secondary,Note_65
1066,Category_66,1006.0,Parent_1006,Description for Category_66,2,Inactive,2023-03-07,2023-08-05,Owner_6,Primary,Note_66
1067,Category_67,1006.0,Parent_1006,Description for Category_67,3,Active,2023-03-08,2023-08-06,Owner_7,Secondary,Note_67
1068,Category_68,1006.0,Parent_1006,Description for Category_68,4,Active,2023-03-09,2023-08-07,Owner_8,Primary,Note_68
1069,Category_69,1006.0,Parent_1006,Description for Category_69,5,Inactive,2023-03-10,2023-08-08,Owner_9,Secondary,Note_69
1070,Category_70,,,Description for Category_70,1,Active,2023-03-11,2023-08-09,Owner_0,Primary,
1071,Category_71,1007.0,Parent_1007,Description for Category_71,2,Active,2023-03-12,2023-08-10,Owner_1,Secondary,Note_71
1072,Category_72,1007.0,Parent_1007,Description for Category_72,3,Inactive,2023-03-13,2023-08-11,Owner_2,Primary,Note_72
1073,Category_73,1007.0,Parent_1007,Description for Category_73,4,Active,2023-03-14,2023-08-12,Owner_3,Secondary,Note_73
1074,Category_74,1007.0,Parent_1007,Description for Category_74,5,Active,2023-03-15,2023-08-13,Owner_4,Primary,Note_74
1075,Category_75,1007.0,Parent_1007,Description for Category_75,1,Inactive,2023-03-16,2023-08-14,Owner_5,Secondary,Note_75
1076,Category_76,1007.0,Parent_1007,Description for Category_76,2,Active,2023-03-17,2023-08-15,Owner_6,Primary,Note_76
1077,Category_77,1007.0,Parent_1007,Description for Category_77,3,Active,2023-03-18,2023-08-16,Owner_7,Secondary,
1078,Category_78,1007.0,Parent_1007,Description for Category_78,4,Inactive,2023-03-19,2023-08-17,Owner_8,Primary,Note_78
1079,Category_79,1007.0,Parent_1007,Description for Category_79,5,Active,2023-03-20,2023-08-18,Owner_9,Secondary,Note_79
1080,Category_80,,,Description for Category_80,1,Active,2023-03-21,2023-08-19,Owner_0,Primary,Note_80
1081,Category_81,1008.0,Parent_1008,Description for Category_81,2,Inactive,2023-03-22,2023-08-20,Owner_1,Secondary,Note_81
1082,Category_82,1008.0,Parent_1008,Description for Category_82,3,Active,2023-03-23,2023-08-21,Owner_2,Primary,Note_82
1083,Category_83,1008.0,Parent_1008,Description for Category_83,4,Active,2023-03-24,2023-08-22,Owner_3,Secondary,Note_83
1084,Category_84,1008.0,Parent_1008,Description for Category_84,5,Inactive,2023-03-25,2023-08-23,Owner_4,Primary,
1085,Category_85,1008.0,Parent_1008,Description for Category_85,1,Active,2023-03-26,2023-08-24,Owner_5,Secondary,Note_85
1086,Category_86,1008.0,Parent_1008,Description for Category_86,2,Active,2023-03-27,2023-08-25,Owner_6,Primary,Note_86
1087,Category_87,1008.0,Parent_1008,Description for Category_87,3,Inactive,2023-03-28,2023-08-26,Owner_7,Secondary,Note_87
1088,Category_88,1008.0,Parent_1008,Description for Category_88,4,Active,2023-03-29,2023-08-27,Owner_8,Primary,Note_88
1089,Category_89,1008.0,Parent_1008,Description for Category_89,5,Active,2023-03-30,2023-08-28,Owner_9,Secondary,Note_89
1090,Category_90,,,Description for Category_90,1,Inactive,2023-03-31,2023-08-29,Owner_0,Primary,Note_90
1091,Category_91,1009.0,Parent_1009,Description for Category_91,2,Active,2023-04-01,2023-08-30,Owner_1,Secondary,
1092,Category_92,1009.0,Parent_1009,Description for Category_92,3,Active,2023-04-02,2023-08-31,Owner_2,Primary,Note_92
1093,Category_93,1009.0,Parent_1009,Description for Category_93,4,Inactive,2023-04-03,2023-09-01,Owner_3,Secondary,Note_93
1094,Category_94,1009.0,Parent_1009,Description for Category_94,5,Active,2023-04-04,2023-09-02,Owner_4,Primary,Note_94
1095,Category_95,1009.0,Parent_1009,Description for Category_95,1,Active,2023-04-05,2023-09-03,Owner_5,Secondary,Note_95
1096,Category_96,1009.0,Parent_1009,Description for Category_96,2,Inactive,2023-04-06,2023-09-04,Owner_6,Primary,Note_96
1097,Category_97,1009.0,Parent_1009,Description for Category_97,3,Active,2023-04-07,2023-09-05,Owner_7,Secondary,Note_97
1098,Category_98,1009.0,Parent_1009,Description for Category_98,4,Active,2023-04-08,2023-09-06,Owner_8,Primary,
1099,Category_99,1009.0,Parent_1009,Description for Category_99,5,Inactive,2023-04-09,2023-09-07,Owner_9,Secondary,Note_99
1100,Category_100,,,Description for Category_100,1,Active,2023-04-10,2023-09-08,Owner_0,Primary,Note_100
1101,Category_101,1010.0,Parent_1010,Description for Category_101,2,Active,2023-04-11,2023-09-09,Owner_1,Secondary,Note_101
1102,Category_102,1010.0,Parent_1010,Description for Category_102,3,Inactive,2023-04-12,2023-09-10,Owner_2,Primary,Note_102
1103,Category_103,1010.0,Parent_1010,Description for Category_103,4,Active,2023-04-13,2023-09-11,Owner_3,Secondary,Note_103
1104,Category_104,1010.0,Parent_1010,Description for Category_104,5,Active,2023-04-14,2023-09-12,Owner_4,Primary,Note_104
1105,Category_105,1010.0,Parent_1010,Description for Category_105,1,Inactive,2023-04-15,2023-09-13,Owner_5,Secondary,
1106,Category_106,1010.0,Parent_1010,Description for Category_106,2,Active,2023-04-16,2023-09-14,Owner_6,Primary,Note_106
1107,Category_107,1010.0,Parent_1010,Description for Category_107,3,Active,2023-04-17,2023-09-15,Owner_7,Secondary,Note_107
1108,Category_108,1010.0,Parent_1010,Description for Category_108,4,Inactive,2023-04-18,2023-09-16,Owner_8,Primary,Note_108
1109,Category_109,1010.0,Parent_1010,Description for Category_109,5,Active,2023-04-19,2023-09-17,Owner_9,Secondary,Note_109
1110,Category_110,,,Description for Category_110,1,Active,2023-04-20,2023-09-18,Owner_0,Primary,Note_110
1111,Category_111,1011.0,Parent_1011,Description for Category_111,2,Inactive,2023-04-21,2023-09-19,Owner_1,Secondary,Note_111
1112,Category_112,1011.0,Parent_1011,Description for Category_112,3,Active,2023-04-22,2023-09-20,Owner_2,Primary,
1113,Category_113,1011.0,Parent_1011,Description for Category_113,4,Active,2023-04-23,2023-09-21,Owner_3,Secondary,Note_113
1114,Category_114,1011.0,Parent_1011,Description for Category_114,5,Inactive,2023-04-24,2023-09-22,Owner_4,Primary,Note_114
1115,Category_115,1011.0,Parent_1011,Description for Category_115,1,Active,2023-04-25,2023-09-23,Owner_5,Secondary,Note_115
1116,Category_116,1011.0,Parent_1011,Description for Category_116,2,Active,2023-04-26,2023-09-24,Owner_6,Primary,Note_116
1117,Category_117,1011.0,Parent_1011,Description for Category_117,3,Inactive,2023-04-27,2023-09-25,Owner_7,Secondary,Note_117
1118,Category_118,1011.0,Parent_1011,Description for Category_118,4,Active,2023-04-28,2023-09-26,Owner_8,Primary,Note_118
1119,Category_119,1011.0,Parent_1011,Description for Category_119,5,Active,2023-04-29,2023-09-27,Owner_9,Secondary,
1120,Category_120,,,Description for Category_120,1,Inactive,2023-04-30,2023-09-28,Owner_0,Primary,Note_120
1121,Category_121,1012.0,Parent_1012,Description for Category_121,2,Active,2023-05-01,2023-09-29,Owner_1,Secondary,Note_121
1122,Category_122,1012.0,Parent_1012,Description for Category_122,3,Active,2023-05-02,2023-09-30,Owner_2,Primary,Note_122
1123,Category_123,1012.0,Parent_1012,Description for Category_123,4,Inactive,2023-05-03,2023-10-01,Owner_3,Secondary,Note_123
1124,Category_124,1012.0,Parent_1012,Description for Category_124,5,Active,2023-05-04,2023-10-02,Owner_4,Primary,Note_124
1125,Category_125,1012.0,Parent_1012,Description for Category_125,1,Active,2023-05-05,2023-10-03,Owner_5,Secondary,Note_125
1126,Category_126,1012.0,Parent_1012,Description for Category_126,2,Inactive,2023-05-06,2023-10-04,Owner_6,Primary,
1127,Category_127,1012.0,Parent_1012,Description for Category_127,3,Active,2023-05-07,2023-10-05,Owner_7,Secondary,Note_127
1128,Category_128,1012.0,Parent_1012,Description for Category_128,4,Active,2023-05-08,2023-10-06,Owner_8,Primary,Note_128
1129,Category_129,1012.0,Parent_1012,Description for Category_129,5,Inactive,2023-05-09,2023-10-07,Owner_9,Secondary,Note_129
1130,Category_130,,,Description for Category_130,1,Active,2023-05-10,2023-10-08,Owner_0,Primary,Note_130
1131,Category_131,1013.0,Parent_1013,Description for Category_131,2,Active,2023-05-11,2023-10-09,Owner_1,Secondary,Note_131
1132,Category_132,1013.0,Parent_1013,Description for Category_132,3,Inactive,2023-05-12,2023-10-10,Owner_2,Primary,Note_132
1133,Category_133,1013.0,Parent_1013,Description for Category_133,4,Active,2023-05-13,2023-10-11,Owner_3,Secondary,
1134,Category_134,1013.0,Parent_1013,Description for Category_134,5,Active,2023-05-14,2023-10-12,Owner_4,Primary,Note_134
1135,Category_135,1013.0,Parent_1013,Description for Category_135,1,Inactive,2023-05-15,2023-10-13,Owner_5,Secondary,Note_135
1136,Category_136,1013.0,Parent_1013,Description for Category_136,2,Active,2023-05-16,2023-10-14,Owner_6,Primary,Note_136
1137,Category_137,1013.0,Parent_1013,Description for Category_137,3,Active,2023-05-17,2023-10-15,Owner_7,Secondary,Note_137
1138,Category_138,1013.0,Parent_1013,Description for Category_138,4,Inactive,2023-05-18,2023-10-16,Owner_8,Primary,Note_138
1139,Category_139,1013.0,Parent_1013,Description for Category_139,5,Active,2023-05-19,2023-10-17,Owner_9,Secondary,Note_139
1140,Category_140,,,Description for Category_140,1,Active,2023-05-20,2023-10-18,Owner_0,Primary,
1141,Category_141,1014.0,Parent_1014,Description for Category_141,2,Inactive,2023-05-21,2023-10-19,Owner_1,Secondary,Note_141
1142,Category_142,1014.0,Parent_1014,Description for Category_142,3,Active,2023-05-22,2023-10-20,Owner_2,Primary,Note_142
1143,Category_143,1014.0,Parent_1014,Description for Category_143,4,Active,2023-05-23,2023-10-21,Owner_3,Secondary,Note_143
1144,Category_144,1014.0,Parent_1014,Description for Category_144,5,Inactive,2023-05-24,2023-10-22,Owner_4,Primary,Note_144
1145,Category_145,1014.0,Parent_1014,Description for Category_145,1,Active,2023-05-25,2023-10-23,Owner_5,Secondary,Note_145
1146,Category_146,1014.0,Parent_1014,Description for Category_146,2,Active,2023-05-26,2023-10-24,Owner_6,Primary,Note_146
1147,Category_147,1014.0,Parent_1014,Description for Category_147,3,Inactive,2023-05-27,2023-10-25,Owner_7,Secondary,
1148,Category_148,1014.0,Parent_1014,Description for Category_148,4,Active,2023-05-28,2023-10-26,Owner_8,Primary,Note_148
1149,Category_149,1014.0,Parent_1014,Description for Category_149,5,Active,2023-05-29,2023-10-27,Owner_9,Secondary,Note_149
1150,Category_150,,,Description for Category_150,1,Inactive,2023-05-30,2023-10-28,Owner_0,Primary,Note_150
1151,Category_151,1015.0,Parent_1015,Description for Category_151,2,Active,2023-05-31,2023-10-29,Owner_1,Secondary,Note_151
1152,Category_152,1015.0,Parent_1015,Description for Category_152,3,Active,2023-06-01,2023-10-30,Owner_2,Primary,Note_152
1153,Category_153,1015.0,Parent_1015,Description for Category_153,4,Inactive,2023-06-02,2023-10-31,Owner_3,Secondary,Note_153
1154,Category_154,1015.0,Parent_1015,Description for Category_154,5,Active,2023-06-03,2023-11-01,Owner_4,Primary,
1155,Category_155,1015.0,Parent_1015,Description for Category_155,1,Active,2023-06-04,2023-11-02,Owner_5,Secondary,Note_155
1156,Category_156,1015.0,Parent_1015,Description for Category_156,2,Inactive,2023-06-05,2023-11-03,Owner_6,Primary,Note_156
1157,Category_157,1015.0,Parent_1015,Description for Category_157,3,Active,2023-06-06,2023-11-04,Owner_7,Secondary,Note_157
1158,Category_158,1015.0,Parent_1015,Description for Category_158,4,Active,2023-06-07,2023-11-05,Owner_8,Primary,Note_158
1159,Category_159,1015.0,Parent_1015,Description for Category_159,5,Inactive,2023-06-08,2023-11-06,Owner_9,Secondary,Note_159
1160,Category_160,,,Description for Category_160,1,Active,2023-06-09,2023-11-07,Owner_0,Primary,Note_160
1161,Category_161,1016.0,Parent_1016,Description for Category_161,2,Active,2023-06-10,2023-11-08,Owner_1,Secondary,
1162,Category_162,1016.0,Parent_1016,Description for Category_162,3,Inactive,2023-06-11,2023-11-09,Owner_2,Primary,Note_162
1163,Category_163,1016.0,Parent_1016,Description for Category_163,4,Active,2023-06-12,2023-11-10,Owner_3,Secondary,Note_163
1164,Category_164,1016.0,Parent_1016,Description for Category_164,5,Active,2023-06-13,2023-11-11,Owner_4,Primary,Note_164
1165,Category_165,1016.0,Parent_1016,Description for Category_165,1,Inactive,2023-06-14,2023-11-12,Owner_5,Secondary,Note_165
1166,Category_166,1016.0,Parent_1016,Description for Category_166,2,Active,2023-06-15,2023-11-13,Owner_6,Primary,Note_166
1167,Category_167,1016.0,Parent_1016,Description for Category_167,3,Active,2023-06-16,2023-11-14,Owner_7,Secondary,Note_167
1168,Category_168,1016.0,Parent_1016,Description for Category_168,4,Inactive,2023-06-17,2023-11-15,Owner_8,Primary,
1169,Category_169,1016.0,Parent_1016,Description for Category_169,5,Active,2023-06-18,2023-11-16,Owner_9,Secondary,Note_169
1170,Category_170,,,Description for Category_170,1,Active,2023-06-19,2023-11-17,Owner_0,Primary,Note_170
1171,Category_171,1017.0,Parent_1017,Description for Category_171,2,Inactive,2023-06-20,2023-11-18,Owner_1,Secondary,Note_171
1172,Category_172,1017.0,Parent_1017,Description for Category_172,3,Active,2023-06-21,2023-11-19,Owner_2,Primary,Note_172
1173,Category_173,1017.0,Parent_1017,Description for Category_173,4,Active,2023-06-22,2023-11-20,Owner_3,Secondary,Note_173
1174,Category_174,1017.0,Parent_1017,Description for Category_174,5,Inactive,2023-06-23,2023-11-21,Owner_4,Primary,Note_174
1175,Category_175,1017.0,Parent_1017,Description for Category_175,1,Active,2023-06-24,2023-11-22,Owner_5,Secondary,
1176,Category_176,1017.0,Parent_1017,Description for Category_176,2,Active,2023-06-25,2023-11-23,Owner_6,Primary,Note_176
1177,Category_177,1017.0,Parent_1017,Description for Category_177,3,Inactive,2023-06-26,2023-11-24,Owner_7,Secondary,Note_177
1178,Category_178,1017.0,Parent_1017,Description for Category_178,4,Active,2023-06-27,2023-11-25,Owner_8,Primary,Note_178
1179,Category_179,1017.0,Parent_1017,Description for Category_179,5,Active,2023-06-28,2023-11-26,Owner_9,Secondary,Note_179
1180,Category_180,,,Description for Category_180,1,Inactive,2023-06-29,2023-11-27,Owner_0,Primary,Note_180
1181,Category_181,1018.0,Parent_1018,Description for Category_181,2,Active,2023-06-30,2023-11-28,Owner_1,Secondary,Note_181
1182,Category_182,1018.0,Parent_1018,Description for Category_182,3,Active,2023-07-01,2023-11-29,Owner_2,Primary,
1183,Category_183,1018.0,Parent_1018,Description for Category_183,4,Inactive,2023-07-02,2023-11-30,Owner_3,Secondary,Note_183
1184,Category_184,1018.0,Parent_1018,Description for Category_184,5,Active,2023-07-03,2023-12-01,Owner_4,Primary,Note_184
1185,Category_185,1018.0,Parent_1018,Description for Category_185,1,Active,2023-07-04,2023-12-02,Owner_5,Secondary,Note_185
1186,Category_186,1018.0,Parent_1018,Description for Category_186,2,Inactive,2023-07-05,2023-12-03,Owner_6,Primary,Note_186
1187,Category_187,1018.0,Parent_1018,Description for Category_187,3,Active,2023-07-06,2023-12-04,Owner_7,Secondary,Note_187
1188,Category_188,1018.0,Parent_1018,Description for Category_188,4,Active,2023-07-07,2023-12-05,Owner_8,Primary,Note_188
1189,Category_189,1018.0,Parent_1018,Description for Category_189,5,Inactive,2023-07-08,2023-12-06,Owner_9,Secondary,
1190,Category_190,,,Description for Category_190,1,Active,2023-07-09,2023-12-07,Owner_0,Primary,Note_190
1191,Category_191,1019.0,Parent_1019,Description for Category_191,2,Active,2023-07-10,2023-12-08,Owner_1,Secondary,Note_191
1192,Category_192,1019.0,Parent_1019,Description for Category_192,3,Inactive,2023-07-11,2023-12-09,Owner_2,Primary,Note_192
1193,Category_193,1019.0,Parent_1019,Description for Category_193,4,Active,2023-07-12,2023-12-10,Owner_3,Secondary,Note_193
1194,Category_194,1019.0,Parent_1019,Description for Category_194,5,Active,2023-07-13,2023-12-11,Owner_4,Primary,Note_194
1195,Category_195,1019.0,Parent_1019,Description for Category_195,1,Inactive,2023-07-14,2023-12-12,Owner_5,Secondary,Note_195
1196,Category_196,1019.0,Parent_1019,Description for Category_196,2,Active,2023-07-15,2023-12-13,Owner_6,Primary,
1197,Category_197,1019.0,Parent_1019,Description for Category_197,3,Active,2023-07-16,2023-12-14,Owner_7,Secondary,Note_197
1198,Category_198,1019.0,Parent_1019,Description for Category_198,4,Inactive,2023-07-17,2023-12-15,Owner_8,Primary,Note_198
1199,Category_199,1019.0,Parent_1019,Description for Category_199,5,Active,2023-07-18,2023-12-16,Owner_9,Secondary,Note_199
1200,Category_200,,,Description for Category_200,1,Active,2023-07-19,2023-12-17,Owner_0,Primary,Note_200
1201,Category_201,1020.0,Parent_1020,Description for Category_201,2,Inactive,2023-07-20,2023-12-18,Owner_1,Secondary,Note_201
1202,Category_202,1020.0,Parent_1020,Description for Category_202,3,Active,2023-07-21,2023-12-19,Owner_2,Primary,Note_202
1203,Category_203,1020.0,Parent_1020,Description for Category_203,4,Active,2023-07-22,2023-12-20,Owner_3,Secondary,
1204,Category_204,1020.0,Parent_1020,Description for Category_204,5,Inactive,2023-07-23,2023-12-21,Owner_4,Primary,Note_204
1205,Category_205,1020.0,Parent_1020,Description for Category_205,1,Active,2023-07-24,2023-12-22,Owner_5,Secondary,Note_205
1206,Category_206,1020.0,Parent_1020,Description for Category_206,2,Active,2023-07-25,2023-12-23,Owner_6,Primary,Note_206
1207,Category_207,1020.0,Parent_1020,Description for Category_207,3,Inactive,2023-07-26,2023-12-24,Owner_7,Secondary,Note_207
1208,Category_208,1020.0,Parent_1020,Description for Category_208,4,Active,2023-07-27,2023-12-25,Owner_8,Primary,Note_208
1209,Category_209,1020.0,Parent_1020,Description for Category_209,5,Active,2023-07-28,2023-12-26,Owner_9,Secondary,Note_209
1210,Category_210,,,Description for Category_210,1,Inactive,2023-07-29,2023-12-27,Owner_0,Primary,
1211,Category_211,1021.0,Parent_1021,Description for Category_211,2,Active,2023-07-30,2023-12-28,Owner_1,Secondary,Note_211
1212,Category_212,1021.0,Parent_1021,Description for Category_212,3,Active,2023-07-31,2023-12-29,Owner_2,Primary,Note_212
1213,Category_213,1021.0,Parent_1021,Description for Category_213,4,Inactive,2023-08-01,2023-12-30,Owner_3,Secondary,Note_213
1214,Category_214,1021.0,Parent_1021,Description for Category_214,5,Active,2023-08-02,2023-12-31,Owner_4,Primary,Note_214
1215,Category_215,1021.0,Parent_1021,Description for Category_215,1,Active,2023-08-03,2024-01-01,Owner_5,Secondary,Note_215
1216,Category_216,1021.0,Parent_1021,Description for Category_216,2,Inactive,2023-08-04,2024-01-02,Owner_6,Primary,Note_216
1217,Category_217,1021.0,Parent_1021,Description for Category_217,3,Active,2023-08-05,2024-01-03,Owner_7,Secondary,
1218,Category_218,1021.0,Parent_1021,Description for Category_218,4,Active,2023-08-06,2024-01-04,Owner_8,Primary,Note_218
1219,Category_219,1021.0,Parent_1021,Description for Category_219,5,Inactive,2023-08-07,2024-01-05,Owner_9,Secondary,Note_219
1220,Category_220,,,Description for Category_220,1,Active,2023-08-08,2024-01-06,Owner_0,Primary,Note_220
1221,Category_221,1022.0,Parent_1022,Description for Category_221,2,Active,2023-08-09,2024-01-07,Owner_1,Secondary,Note_221
1222,Category_222,1022.0,Parent_1022,Description for Category_222,3,Inactive,2023-08-10,2024-01-08,Owner_2,Primary,Note_222
1223,Category_223,1022.0,Parent_1022,Description for Category_223,4,Active,2023-08-11,2024-01-09,Owner_3,Secondary,Note_223
1224,Category_224,1022.0,Parent_1022,Description for Category_224,5,Active,2023-08-12,2024-01-10,Owner_4,Primary,
1225,Category_225,1022.0,Parent_1022,Description for Category_225,1,Inactive,2023-08-13,2024-01-11,Owner_5,Secondary,Note_225
1226,Category_226,1022.0,Parent_1022,Description for Category_226,2,Active,2023-08-14,2024-01-12,Owner_6,Primary,Note_226
1227,Category_227,1022.0,Parent_1022,Description for Category_227,3,Active,2023-08-15,2024-01-13,Owner_7,Secondary,Note_227
1228,Category_228,1022.0,Parent_1022,Description for Category_228,4,Inactive,2023-08-16,2024-01-14,Owner_8,Primary,Note_228
1229,Category_229,1022.0,Parent_1022,Description for Category_229,5,Active,2023-08-17,2024-01-15,Owner_9,Secondary,Note_229
1230,Category_230,,,Description for Category_230,1,Active,2023-08-18,2024-01-16,Owner_0,Primary,Note_230
1231,Category_231,1023.0,Parent_1023,Description for Category_231,2,Inactive,2023-08-19,2024-01-17,Owner_1,Secondary,
1232,Category_232,1023.0,Parent_1023,Description for Category_232,3,Active,2023-08-20,2024-01-18,Owner_2,Primary,Note_232
1233,Category_233,1023.0,Parent_1023,Description for Category_233,4,Active,2023-08-21,2024-01-19,Owner_3,Secondary,Note_233
1234,Category_234,1023.0,Parent_1023,Description for Category_234,5,Inactive,2023-08-22,2024-01-20,Owner_4,Primary,Note_234
1235,Category_235,1023.0,Parent_1023,Description for Category_235,1,Active,2023-08-23,2024-01-21,Owner_5,Secondary,Note_235
1236,Category_236,1023.0,Parent_1023,Description for Category_236,2,Active,2023-08-24,2024-01-22,Owner_6,Primary,Note_236
1237,Category_237,1023.0,Parent_1023,Description for Category_237,3,Inactive,2023-08-25,2024-01-23,Owner_7,Secondary,Note_237
1238,Category_238,1023.0,Parent_1023,Description for Category_238,4,Active,2023-08-26,2024-01-24,Owner_8,Primary,
1239,Category_239,1023.0,Parent_1023,Description for Category_239,5,Active,2023-08-27,2024-01-25,Owner_9,Secondary,Note_239
1240,Category_240,,,Description for Category_240,1,Inactive,2023-08-28,2024-01-26,Owner_0,Primary,Note_240
1241,Category_241,1024.0,Parent_1024,Description for Category_241,2,Active,2023-08-29,2024-01-27,Owner_1,Secondary,Note_241
1242,Category_242,1024.0,Parent_1024,Description for Category_242,3,Active,2023-08-30,2024-01-28,Owner_2,Primary,Note_242
1243,Category_243,1024.0,Parent_1024,Description for Category_243,4,Inactive,2023-08-31,2024-01-29,Owner_3,Secondary,Note_243
1244,Category_244,1024.0,Parent_1024,Description for Category_244,5,Active,2023-09-01,2024-01-30,Owner_4,Primary,Note_244
1245,Category_245,1024.0,Parent_1024,Description for Category_245,1,Active,2023-09-02,2024-01-31,Owner_5,Secondary,
1246,Category_246,1024.0,Parent_1024,Description for Category_246,2,Inactive,2023-09-03,2024-02-01,Owner_6,Primary,Note_246
1247,Category_247,1024.0,Parent_1024,Description for Category_247,3,Active,2023-09-04,2024-02-02,Owner_7,Secondary,Note_247
1248,Category_248,1024.0,Parent_1024,Description for Category_248,4,Active,2023-09-05,2024-02-03,Owner_8,Primary,Note_248
1249,Category_249,1024.0,Parent_1024,Description for Category_249,5,Inactive,2023-09-06,2024-02-04,Owner_9,Secondary,Note_249
1250,Category_250,,,Description for Category_250,1,Active,2023-09-07,2024-02-05,Owner_0,Primary,Note_250
1251,Category_251,1025.0,Parent_1025,Description for Category_251,2,Active,2023-09-08,2024-02-06,Owner_1,Secondary,Note_251
1252,Category_252,1025.0,Parent_1025,Description for Category_252,3,Inactive,2023-09-09,2024-02-07,Owner_2,Primary,
1253,Category_253,1025.0,Parent_1025,Description for Category_253,4,Active,2023-09-10,2024-02-08,Owner_3,Secondary,Note_253
1254,Category_254,1025.0,Parent_1025,Description for Category_254,5,Active,2023-09-11,2024-02-09,Owner_4,Primary,Note_254
1255,Category_255,1025.0,Parent_1025,Description for Category_255,1,Inactive,2023-09-12,2024-02-10,Owner_5,Secondary,Note_255
1256,Category_256,1025.0,Parent_1025,Description for Category_256,2,Active,2023-09-13,2024-02-11,Owner_6,Primary,Note_256
1257,Category_257,1025.0,Parent_1025,Description for Category_257,3,Active,2023-09-14,2024-02-12,Owner_7,Secondary,Note_257
1258,Category_258,1025.0,Parent_1025,Description for Category_258,4,Inactive,2023-09-15,2024-02-13,Owner_8,Primary,Note_258
1259,Category_259,1025.0,Parent_1025,Description for Category_259,5,Active,2023-09-16,2024-02-14,Owner_9,Secondary,
1260,Category_260,,,Description for Category_260,1,Active,2023-09-17,2024-02-15,Owner_0,Primary,Note_260
1261,Category_261,1026.0,Parent_1026,Description for Category_261,2,Inactive,2023-09-18,2024-02-16,Owner_1,Secondary,Note_261
1262,Category_262,1026.0,Parent_1026,Description for Category_262,3,Active,2023-09-19,2024-02-17,Owner_2,Primary,Note_262
1263,Category_263,1026.0,Parent_1026,Description for Category_263,4,Active,2023-09-20,2024-02-18,Owner_3,Secondary,Note_263
1264,Category_264,1026.0,Parent_1026,Description for Category_264,5,Inactive,2023-09-21,2024-02-19,Owner_4,Primary,Note_264
1265,Category_265,1026.0,Parent_1026,Description for Category_265,1,Active,2023-09-22,2024-02-20,Owner_5,Secondary,Note_265
1266,Category_266,1026.0,Parent_1026,Description for Category_266,2,Active,2023-09-23,2024-02-21,Owner_6,Primary,
1267,Category_267,1026.0,Parent_1026,Description for Category_267,3,Inactive,2023-09-24,2024-02-22,Owner_7,Secondary,Note_267
1268,Category_268,1026.0,Parent_1026,Description for Category_268,4,Active,2023-09-25,2024-02-23,Owner_8,Primary,Note_268
1269,Category_269,1026.0,Parent_1026,Description for Category_269,5,Active,2023-09-26,2024-02-24,Owner_9,Secondary,Note_269
1270,Category_270,,,Description for Category_270,1,Inactive,2023-09-27,2024-02-25,Owner_0,Primary,Note_270
1271,Category_271,1027.0,Parent_1027,Description for Category_271,2,Active,2023-09-28,2024-02-26,Owner_1,Secondary,Note_271
1272,Category_272,1027.0,Parent_1027,Description for Category_272,3,Active,2023-09-29,2024-02-27,Owner_2,Primary,Note_272
1273,Category_273,1027.0,Parent_1027,Description for Category_273,4,Inactive,2023-09-30,2024-02-28,Owner_3,Secondary,
1274,Category_274,1027.0,Parent_1027,Description for Category_274,5,Active,2023-10-01,2024-02-29,Owner_4,Primary,Note_274
1275,Category_275,1027.0,Parent_1027,Description for Category_275,1,Active,2023-10-02,2024-03-01,Owner_5,Secondary,Note_275
1276,Category_276,1027.0,Parent_1027,Description for Category_276,2,Inactive,2023-10-03,2024-03-02,Owner_6,Primary,Note_276
1277,Category_277,1027.0,Parent_1027,Description for Category_277,3,Active,2023-10-04,2024-03-03,Owner_7,Secondary,Note_277
1278,Category_278,1027.0,Parent_1027,Description for Category_278,4,Active,2023-10-05,2024-03-04,Owner_8,Primary,Note_278
1279,Category_279,1027.0,Parent_1027,Description for Category_279,5,Inactive,2023-10-06,2024-03-05,Owner_9,Secondary,Note_279
1280,Category_280,,,Description for Category_280,1,Active,2023-10-07,2024-03-06,Owner_0,Primary,
1281,Category_281,1028.0,Parent_1028,Description for Category_281,2,Active,2023-10-08,2024-03-07,Owner_1,Secondary,Note_281
1282,Category_282,1028.0,Parent_1028,Description for Category_282,3,Inactive,2023-10-09,2024-03-08,Owner_2,Primary,Note_282
1283,Category_283,1028.0,Parent_1028,Description for Category_283,4,Active,2023-10-10,2024-03-09,Owner_3,Secondary,Note_283
1284,Category_284,1028.0,Parent_1028,Description for Category_284,5,Active,2023-10-11,2024-03-10,Owner_4,Primary,Note_284
1285,Category_285,1028.0,Parent_1028,Description for Category_285,1,Inactive,2023-10-12,2024-03-11,Owner_5,Secondary,Note_285
1286,Category_286,1028.0,Parent_1028,Description for Category_286,2,Active,2023-10-13,2024-03-12,Owner_6,Primary,Note_286
1287,Category_287,1028.0,Parent_1028,Description for Category_287,3,Active,2023-10-14,2024-03-13,Owner_7,Secondary,
1288,Category_288,1028.0,Parent_1028,Description for Category_288,4,Inactive,2023-10-15,2024-03-14,Owner_8,Primary,Note_288
1289,Category_289,1028.0,Parent_1028,Description for Category_289,5,Active,2023-10-16,2024-03-15,Owner_9,Secondary,Note_289
1290,Category_290,,,Description for Category_290,1,Active,2023-10-17,2024-03-16,Owner_0,Primary,Note_290
1291,Category_291,1029.0,Parent_1029,Description for Category_291,2,Inactive,2023-10-18,2024-03-17,Owner_1,Secondary,Note_291
1292,Category_292,1029.0,Parent_1029,Description for Category_292,3,Active,2023-10-19,2024-03-18,Owner_2,Primary,Note_292
1293,Category_293,1029.0,Parent_1029,Description for Category_293,4,Active,2023-10-20,2024-03-19,Owner_3,Secondary,Note_293
1294,Category_294,1029.0,Parent_1029,Description for Category_294,5,Inactive,2023-10-21,2024-03-20,Owner_4,Primary,
1295,Category_295,1029.0,Parent_1029,Description for Category_295,1,Active,2023-10-22,2024-03-21,Owner_5,Secondary,Note_295
1296,Category_296,1029.0,Parent_1029,Description for Category_296,2,Active,2023-10-23,2024-03-22,Owner_6,Primary,Note_296
1297,Category_297,1029.0,Parent_1029,Description for Category_297,3,Inactive,2023-10-24,2024-03-23,Owner_7,Secondary,Note_297
1298,Category_298,1029.0,Parent_1029,Description for Category_298,4,Active,2023-10-25,2024-03-24,Owner_8,Primary,Note_298
1299,Category_299,1029.0,Parent_1029,Description for Category_299,5,Active,2023-10-26,2024-03-25,Owner_9,Secondary,Note_299
1300,Category_300,,,Description for Category_300,1,Inactive,2023-10-27,2024-03-26,Owner_0,Primary,Note_300
1301,Category_301,1030.0,Parent_1030,Description for Category_301,2,Active,2023-10-28,2024-03-27,Owner_1,Secondary,
1302,Category_302,1030.0,Parent_1030,Description for Category_302,3,Active,2023-10-29,2024-03-28,Owner_2,Primary,Note_302
1303,Category_303,1030.0,Parent_1030,Description for Category_303,4,Inactive,2023-10-30,2024-03-29,Owner_3,Secondary,Note_303
1304,Category_304,1030.0,Parent_1030,Description for Category_304,5,Active,2023-10-31,2024-03-30,Owner_4,Primary,Note_304
1305,Category_305,1030.0,Parent_1030,Description for Category_305,1,Active,2023-11-01,2024-03-31,Owner_5,Secondary,Note_305
1306,Category_306,1030.0,Parent_1030,Description for Category_306,2,Inactive,2023-11-02,2024-04-01,Owner_6,Primary,Note_306
1307,Category_307,1030.0,Parent_1030,Description for Category_307,3,Active,2023-11-03,2024-04-02,Owner_7,Secondary,Note_307
1308,Category_308,1030.0,Parent_1030,Description for Category_308,4,Active,2023-11-04,2024-04-03,Owner_8,Primary,
1309,Category_309,1030.0,Parent_1030,Description for Category_309,5,Inactive,2023-11-05,2024-04-04,Owner_9,Secondary,Note_309
1310,Category_310,,,Description for Category_310,1,Active,2023-11-06,2024-04-05,Owner_0,Primary,Note_310
1311,Category_311,1031.0,Parent_1031,Description for Category_311,2,Active,2023-11-07,2024-04-06,Owner_1,Secondary,Note_311
1312,Category_312,1031.0,Parent_1031,Description for Category_312,3,Inactive,2023-11-08,2024-04-07,Owner_2,Primary,Note_312
1313,Category_313,1031.0,Parent_1031,Description for Category_313,4,Active,2023-11-09,2024-04-08,Owner_3,Secondary,Note_313
1314,Category_314,1031.0,Parent_1031,Description for Category_314,5,Active,2023-11-10,2024-04-09,Owner_4,Primary,Note_314
1315,Category_315,1031.0,Parent_1031,Description for Category_315,1,Inactive,2023-11-11,2024-04-10,Owner_5,Secondary,
1316,Category_316,1031.0,Parent_1031,Description for Category_316,2,Active,2023-11-12,2024-04-11,Owner_6,Primary,Note_316
1317,Category_317,1031.0,Parent_1031,Description for Category_317,3,Active,2023-11-13,2024-04-12,Owner_7,Secondary,Note_317
1318,Category_318,1031.0,Parent_1031,Description for Category_318,4,Inactive,2023-11-14,2024-04-13,Owner_8,Primary,Note_318
1319,Category_319,1031.0,Parent_1031,Description for Category_319,5,Active,2023-11-15,2024-04-14,Owner_9,Secondary,Note_319
1320,Category_320,,,Description for Category_320,1,Active,2023-11-16,2024-04-15,Owner_0,Primary,Note_320
1321,Category_321,1032.0,Parent_1032,Description for Category_321,2,Inactive,2023-11-17,2024-04-16,Owner_1,Secondary,Note_321
1322,Category_322,1032.0,Parent_1032,Description for Category_322,3,Active,2023-11-18,2024-04-17,Owner_2,Primary,
1323,Category_323,1032.0,Parent_1032,Description for Category_323,4,Active,2023-11-19,2024-04-18,Owner_3,Secondary,Note_323
1324,Category_324,1032.0,Parent_1032,Description for Category_324,5,Inactive,2023-11-20,2024-04-19,Owner_4,Primary,Note_324
1325,Category_325,1032.0,Parent_1032,Description for Category_325,1,Active,2023-11-21,2024-04-20,Owner_5,Secondary,Note_325
1326,Category_326,1032.0,Parent_1032,Description for Category_326,2,Active,2023-11-22,2024-04-21,Owner_6,Primary,Note_326
1327,Category_327,1032.0,Parent_1032,Description for Category_327,3,Inactive,2023-11-23,2024-04-22,Owner_7,Secondary,Note_327
1328,Category_328,1032.0,Parent_1032,Description for Category_328,4,Active,2023-11-24,2024-04-23,Owner_8,Primary,Note_328
1329,Category_329,1032.0,Parent_1032,Description for Category_329,5,Active,2023-11-25,2024-04-24,Owner_9,Secondary,
1330,Category_330,,,Description for Category_330,1,Inactive,2023-11-26,2024-04-25,Owner_0,Primary,Note_330
1331,Category_331,1033.0,Parent_1033,Description for Category_331,2,Active,2023-11-27,2024-04-26,Owner_1,Secondary,Note_331
1332,Category_332,1033.0,Parent_1033,Description for Category_332,3,Active,2023-11-28,2024-04-27,Owner_2,Primary,Note_332
1333,Category_333,1033.0,Parent_1033,Description for Category_333,4,Inactive,2023-11-29,2024-04-28,Owner_3,Secondary,Note_333
1334,Category_334,1033.0,Parent_1033,Description for Category_334,5,Active,2023-11-30,2024-04-29,Owner_4,Primary,Note_334
1335,Category_335,1033.0,Parent_1033,Description for Category_335,1,Active,2023-12-01,2024-04-30,Owner_5,Secondary,Note_335
1336,Category_336,1033.0,Parent_1033,Description for Category_336,2,Inactive,2023-12-02,2024-05-01,Owner_6,Primary,
1337,Category_337,1033.0,Parent_1033,Description for Category_337,3,Active,2023-12-03,2024-05-02,Owner_7,Secondary,Note_337
1338,Category_338,1033.0,Parent_1033,Description for Category_338,4,Active,2023-12-04,2024-05-03,Owner_8,Primary,Note_338
1339,Category_339,1033.0,Parent_1033,Description for Category_339,5,Inactive,2023-12-05,2024-05-04,Owner_9,Secondary,Note_339
1340,Category_340,,,Description for Category_340,1,Active,2023-12-06,2024-05-05,Owner_0,Primary,Note_340
1341,Category_341,1034.0,Parent_1034,Description for Category_341,2,Active,2023-12-07,2024-05-06,Owner_1,Secondary,Note_341
1342,Category_342,1034.0,Parent_1034,Description for Category_342,3,Inactive,2023-12-08,2024-05-07,Owner_2,Primary,Note_342
1343,Category_343,1034.0,Parent_1034,Description for Category_343,4,Active,2023-12-09,2024-05-08,Owner_3,Secondary,
1344,Category_344,1034.0,Parent_1034,Description for Category_344,5,Active,2023-12-10,2024-05-09,Owner_4,Primary,Note_344
1345,Category_345,1034.0,Parent_1034,Description for Category_345,1,Inactive,2023-12-11,2024-05-10,Owner_5,Secondary,Note_345
1346,Category_346,1034.0,Parent_1034,Description for Category_346,2,Active,2023-12-12,2024-05-11,Owner_6,Primary,Note_346
1347,Category_347,1034.0,Parent_1034,Description for Category_347,3,Active,2023-12-13,2024-05-12,Owner_7,Secondary,Note_347
1348,Category_348,1034.0,Parent_1034,Description for Category_348,4,Inactive,2023-12-14,2024-05-13,Owner_8,Primary,Note_348
1349,Category_349,1034.0,Parent_1034,Description for Category_349,5,Active,2023-12-15,2024-05-14,Owner_9,Secondary,Note_349
1350,Category_350,,,Description for Category_350,1,Active,2023-12-16,2024-05-15,Owner_0,Primary,
1351,Category_351,1035.0,Parent_1035,Description for Category_351,2,Inactive,2023-12-17,2024-05-16,Owner_1,Secondary,Note_351
1352,Category_352,1035.0,Parent_1035,Description for Category_352,3,Active,2023-12-18,2024-05-17,Owner_2,Primary,Note_352
1353,Category_353,1035.0,Parent_1035,Description for Category_353,4,Active,2023-12-19,2024-05-18,Owner_3,Secondary,Note_353
1354,Category_354,1035.0,Parent_1035,Description for Category_354,5,Inactive,2023-12-20,2024-05-19,Owner_4,Primary,Note_354
1355,Category_355,1035.0,Parent_1035,Description for Category_355,1,Active,2023-12-21,2024-05-20,Owner_5,Secondary,Note_355
1356,Category_356,1035.0,Parent_1035,Description for Category_356,2,Active,2023-12-22,2024-05-21,Owner_6,Primary,Note_356
1357,Category_357,1035.0,Parent_1035,Description for Category_357,3,Inactive,2023-12-23,2024-05-22,Owner_7,Secondary,
1358,Category_358,1035.0,Parent_1035,Description for Category_358,4,Active,2023-12-24,2024-05-23,Owner_8,Primary,Note_358
1359,Category_359,1035.0,Parent_1035,Description for Category_359,5,Active,2023-12-25,2024-05-24,Owner_9,Secondary,Note_359
1360,Category_360,,,Description for Category_360,1,Inactive,2023-12-26,2024-05-25,Owner_0,Primary,Note_360
1361,Category_361,1036.0,Parent_1036,Description for Category_361,2,Active,2023-12-27,2024-05-26,Owner_1,Secondary,Note_361
1362,Category_362,1036.0,Parent_1036,Description for Category_362,3,Active,2023-12-28,2024-05-27,Owner_2,Primary,Note_362
1363,Category_363,1036.0,Parent_1036,Description for Category_363,4,Inactive,2023-12-29,2024-05-28,Owner_3,Secondary,Note_363
1364,Category_364,1036.0,Parent_1036,Description for Category_364,5,Active,2023-12-30,2024-05-29,Owner_4,Primary,
1365,Category_365,1036.0,Parent_1036,Description for Category_365,1,Active,2023-12-31,2024-05-30,Owner_5,Secondary,Note_365
1366,Category_366,1036.0,Parent_1036,Description for Category_366,2,Inactive,2024-01-01,2024-05-31,Owner_6,Primary,Note_366
1367,Category_367,1036.0,Parent_1036,Description for Category_367,3,Active,2024-01-02,2024-06-01,Owner_7,Secondary,Note_367
1368,Category_368,1036.0,Parent_1036,Description for Category_368,4,Active,2024-01-03,2024-06-02,Owner_8,Primary,Note_368
1369,Category_369,1036.0,Parent_1036,Description for Category_369,5,Inactive,2024-01-04,2024-06-03,Owner_9,Secondary,Note_369
1370,Category_370,,,Description for Category_370,1,Active,2024-01-05,2024-06-04,Owner_0,Primary,Note_370
1371,Category_371,1037.0,Parent_1037,Description for Category_371,2,Active,2024-01-06,2024-06-05,Owner_1,Secondary,
1372,Category_372,1037.0,Parent_1037,Description for Category_372,3,Inactive,2024-01-07,2024-06-06,Owner_2,Primary,Note_372
1373,Category_373,1037.0,Parent_1037,Description for Category_373,4,Active,2024-01-08,2024-06-07,Owner_3,Secondary,Note_373
1374,Category_374,1037.0,Parent_1037,Description for Category_374,5,Active,2024-01-09,2024-06-08,Owner_4,Primary,Note_374
1375,Category_375,1037.0,Parent_1037,Description for Category_375,1,Inactive,2024-01-10,2024-06-09,Owner_5,Secondary,Note_375
1376,Category_376,1037.0,Parent_1037,Description for Category_376,2,Active,2024-01-11,2024-06-10,Owner_6,Primary,Note_376
1377,Category_377,1037.0,Parent_1037,Description for Category_377,3,Active,2024-01-12,2024-06-11,Owner_7,Secondary,Note_377
1378,Category_378,1037.0,Parent_1037,Description for Category_378,4,Inactive,2024-01-13,2024-06-12,Owner_8,Primary,
1379,Category_379,1037.0,Parent_1037,Description for Category_379,5,Active,2024-01-14,2024-06-13,Owner_9,Secondary,Note_379
1380,Category_380,,,Description for Category_380,1,Active,2024-01-15,2024-06-14,Owner_0,Primary,Note_380
1381,Category_381,1038.0,Parent_1038,Description for Category_381,2,Inactive,2024-01-16,2024-06-15,Owner_1,Secondary,Note_381
1382,Category_382,1038.0,Parent_1038,Description for Category_382,3,Active,2024-01-17,2024-06-16,Owner_2,Primary,Note_382
1383,Category_383,1038.0,Parent_1038,Description for Category_383,4,Active,2024-01-18,2024-06-17,Owner_3,Secondary,Note_383
1384,Category_384,1038.0,Parent_1038,Description for Category_384,5,Inactive,2024-01-19,2024-06-18,Owner_4,Primary,Note_384
1385,Category_385,1038.0,Parent_1038,Description for Category_385,1,Active,2024-01-20,2024-06-19,Owner_5,Secondary,
1386,Category_386,1038.0,Parent_1038,Description for Category_386,2,Active,2024-01-21,2024-06-20,Owner_6,Primary,Note_386
1387,Category_387,1038.0,Parent_1038,Description for Category_387,3,Inactive,2024-01-22,2024-06-21,Owner_7,Secondary,Note_387
1388,Category_388,1038.0,Parent_1038,Description for Category_388,4,Active,2024-01-23,2024-06-22,Owner_8,Primary,Note_388
1389,Category_389,1038.0,Parent_1038,Description for Category_389,5,Active,2024-01-24,2024-06-23,Owner_9,Secondary,Note_389
1390,Category_390,,,Description for Category_390,1,Inactive,2024-01-25,2024-06-24,Owner_0,Primary,Note_390
1391,Category_391,1039.0,Parent_1039,Description for Category_391,2,Active,2024-01-26,2024-06-25,Owner_1,Secondary,Note_391
1392,Category_392,1039.0,Parent_1039,Description for Category_392,3,Active,2024-01-27,2024-06-26,Owner_2,Primary,
1393,Category_393,1039.0,Parent_1039,Description for Category_393,4,Inactive,2024-01-28,2024-06-27,Owner_3,Secondary,Note_393
1394,Category_394,1039.0,Parent_1039,Description for Category_394,5,Active,2024-01-29,2024-06-28,Owner_4,Primary,Note_394
1395,Category_395,1039.0,Parent_1039,Description for Category_395,1,Active,2024-01-30,2024-06-29,Owner_5,Secondary,Note_395
1396,Category_396,1039.0,Parent_1039,Description for Category_396,2,Inactive,2024-01-31,2024-06-30,Owner_6,Primary,Note_396
1397,Category_397,1039.0,Parent_1039,Description for Category_397,3,Active,2024-02-01,2024-07-01,Owner_7,Secondary,Note_397
1398,Category_398,1039.0,Parent_1039,Description for Category_398,4,Active,2024-02-02,2024-07-02,Owner_8,Primary,Note_398
1399,Category_399,1039.0,Parent_1039,Description for Category_399,5,Inactive,2024-02-03,2024-07-03,Owner_9,Secondary,
1400,Category_400,,,Description for Category_400,1,Active,2024-02-04,2024-07-04,Owner_0,Primary,Note_400
1401,Category_401,1040.0,Parent_1040,Description for Category_401,2,Active,2024-02-05,2024-07-05,Owner_1,Secondary,Note_401
1402,Category_402,1040.0,Parent_1040,Description for Category_402,3,Inactive,2024-02-06,2024-07-06,Owner_2,Primary,Note_402
1403,Category_403,1040.0,Parent_1040,Description for Category_403,4,Active,2024-02-07,2024-07-07,Owner_3,Secondary,Note_403
1404,Category_404,1040.0,Parent_1040,Description for Category_404,5,Active,2024-02-08,2024-07-08,Owner_4,Primary,Note_404
1405,Category_405,1040.0,Parent_1040,Description for Category_405,1,Inactive,2024-02-09,2024-07-09,Owner_5,Secondary,Note_405
1406,Category_406,1040.0,Parent_1040,Description for Category_406,2,Active,2024-02-10,2024-07-10,Owner_6,Primary,
1407,Category_407,1040.0,Parent_1040,Description for Category_407,3,Active,2024-02-11,2024-07-11,Owner_7,Secondary,Note_407
1408,Category_408,1040.0,Parent_1040,Description for Category_408,4,Inactive,2024-02-12,2024-07-12,Owner_8,Primary,Note_408
1409,Category_409,1040.0,Parent_1040,Description for Category_409,5,Active,2024-02-13,2024-07-13,Owner_9,Secondary,Note_409
1410,Category_410,,,Description for Category_410,1,Active,2024-02-14,2024-07-14,Owner_0,Primary,Note_410
1411,Category_411,1041.0,Parent_1041,Description for Category_411,2,Inactive,2024-02-15,2024-07-15,Owner_1,Secondary,Note_411
1412,Category_412,1041.0,Parent_1041,Description for Category_412,3,Active,2024-02-16,2024-07-16,Owner_2,Primary,Note_412
1413,Category_413,1041.0,Parent_1041,Description for Category_413,4,Active,2024-02-17,2024-07-17,Owner_3,Secondary,
1414,Category_414,1041.0,Parent_1041,Description for Category_414,5,Inactive,2024-02-18,2024-07-18,Owner_4,Primary,Note_414
1415,Category_415,1041.0,Parent_1041,Description for Category_415,1,Active,2024-02-19,2024-07-19,Owner_5,Secondary,Note_415
1416,Category_416,1041.0,Parent_1041,Description for Category_416,2,Active,2024-02-20,2024-07-20,Owner_6,Primary,Note_416
1417,Category_417,1041.0,Parent_1041,Description for Category_417,3,Inactive,2024-02-21,2024-07-21,Owner_7,Secondary,Note_417
1418,Category_418,1041.0,Parent_1041,Description for Category_418,4,Active,2024-02-22,2024-07-22,Owner_8,Primary,Note_418
1419,Category_419,1041.0,Parent_1041,Description for Category_419,5,Active,2024-02-23,2024-07-23,Owner_9,Secondary,Note_419
1420,Category_420,,,Description for Category_420,1,Inactive,2024-02-24,2024-07-24,Owner_0,Primary,
1421,Category_421,1042.0,Parent_1042,Description for Category_421,2,Active,2024-02-25,2024-07-25,Owner_1,Secondary,Note_421
1422,Category_422,1042.0,Parent_1042,Description for Category_422,3,Active,2024-02-26,2024-07-26,Owner_2,Primary,Note_422
1423,Category_423,1042.0,Parent_1042,Description for Category_423,4,Inactive,2024-02-27,2024-07-27,Owner_3,Secondary,Note_423
1424,Category_424,1042.0,Parent_1042,Description for Category_424,5,Active,2024-02-28,2024-07-28,Owner_4,Primary,Note_424
1425,Category_425,1042.0,Parent_1042,Description for Category_425,1,Active,2024-02-29,2024-07-29,Owner_5,Secondary,Note_425
1426,Category_426,1042.0,Parent_1042,Description for Category_426,2,Inactive,2024-03-01,2024-07-30,Owner_6,Primary,Note_426
1427,Category_427,1042.0,Parent_1042,Description for Category_427,3,Active,2024-03-02,2024-07-31,Owner_7,Secondary,
1428,Category_428,1042.0,Parent_1042,Description for Category_428,4,Active,2024-03-03,2024-08-01,Owner_8,Primary,Note_428
1429,Category_429,1042.0,Parent_1042,Description for Category_429,5,Inactive,2024-03-04,2024-08-02,Owner_9,Secondary,Note_429
1430,Category_430,,,Description for Category_430,1,Active,2024-03-05,2024-08-03,Owner_0,Primary,Note_430
1431,Category_431,1043.0,Parent_1043,Description for Category_431,2,Active,2024-03-06,2024-08-04,Owner_1,Secondary,Note_431
1432,Category_432,1043.0,Parent_1043,Description for Category_432,3,Inactive,2024-03-07,2024-08-05,Owner_2,Primary,Note_432
1433,Category_433,1043.0,Parent_1043,Description for Category_433,4,Active,2024-03-08,2024-08-06,Owner_3,Secondary,Note_433
1434,Category_434,1043.0,Parent_1043,Description for Category_434,5,Active,2024-03-09,2024-08-07,Owner_4,Primary,
1435,Category_435,1043.0,Parent_1043,Description for Category_435,1,Inactive,2024-03-10,2024-08-08,Owner_5,Secondary,Note_435
1436,Category_436,1043.0,Parent_1043,Description for Category_436,2,Active,2024-03-11,2024-08-09,Owner_6,Primary,Note_436
1437,Category_437,1043.0,Parent_1043,Description for Category_437,3,Active,2024-03-12,2024-08-10,Owner_7,Secondary,Note_437
1438,Category_438,1043.0,Parent_1043,Description for Category_438,4,Inactive,2024-03-13,2024-08-11,Owner_8,Primary,Note_438
1439,Category_439,1043.0,Parent_1043,Description for Category_439,5,Active,2024-03-14,2024-08-12,Owner_9,Secondary,Note_439
1440,Category_440,,,Description for Category_440,1,Active,2024-03-15,2024-08-13,Owner_0,Primary,Note_440
1441,Category_441,1044.0,Parent_1044,Description for Category_441,2,Inactive,2024-03-16,2024-08-14,Owner_1,Secondary,
1442,Category_442,1044.0,Parent_1044,Description for Category_442,3,Active,2024-03-17,2024-08-15,Owner_2,Primary,Note_442
1443,Category_443,1044.0,Parent_1044,Description for Category_443,4,Active,2024-03-18,2024-08-16,Owner_3,Secondary,Note_443
1444,Category_444,1044.0,Parent_1044,Description for Category_444,5,Inactive,2024-03-19,2024-08-17,Owner_4,Primary,Note_444
1445,Category_445,1044.0,Parent_1044,Description for Category_445,1,Active,2024-03-20,2024-08-18,Owner_5,Secondary,Note_445
1446,Category_446,1044.0,Parent_1044,Description for Category_446,2,Active,2024-03-21,2024-08-19,Owner_6,Primary,Note_446
1447,Category_447,1044.0,Parent_1044,Description for Category_447,3,Inactive,2024-03-22,2024-08-20,Owner_7,Secondary,Note_447
1448,Category_448,1044.0,Parent_1044,Description for Category_448,4,Active,2024-03-23,2024-08-21,Owner_8,Primary,
1449,Category_449,1044.0,Parent_1044,Description for Category_449,5,Active,2024-03-24,2024-08-22,Owner_9,Secondary,Note_449
1450,Category_450,,,Description for Category_450,1,Inactive,2024-03-25,2024-08-23,Owner_0,Primary,Note_450
1451,Category_451,1045.0,Parent_1045,Description for Category_451,2,Active,2024-03-26,2024-08-24,Owner_1,Secondary,Note_451
1452,Category_452,1045.0,Parent_1045,Description for Category_452,3,Active,2024-03-27,2024-08-25,Owner_2,Primary,Note_452
1453,Category_453,1045.0,Parent_1045,Description for Category_453,4,Inactive,2024-03-28,2024-08-26,Owner_3,Secondary,Note_453
1454,Category_454,1045.0,Parent_1045,Description for Category_454,5,Active,2024-03-29,2024-08-27,Owner_4,Primary,Note_454
1455,Category_455,1045.0,Parent_1045,Description for Category_455,1,Active,2024-03-30,2024-08-28,Owner_5,Secondary,
1456,Category_456,1045.0,Parent_1045,Description for Category_456,2,Inactive,2024-03-31,2024-08-29,Owner_6,Primary,Note_456
1457,Category_457,1045.0,Parent_1045,Description for Category_457,3,Active,2024-04-01,2024-08-30,Owner_7,Secondary,Note_457
1458,Category_458,1045.0,Parent_1045,Description for Category_458,4,Active,2024-04-02,2024-08-31,Owner_8,Primary,Note_458
1459,Category_459,1045.0,Parent_1045,Description for Category_459,5,Inactive,2024-04-03,2024-09-01,Owner_9,Secondary,Note_459
1460,Category_460,,,Description for Category_460,1,Active,2024-04-04,2024-09-02,Owner_0,Primary,Note_460
1461,Category_461,1046.0,Parent_1046,Description for Category_461,2,Active,2024-04-05,2024-09-03,Owner_1,Secondary,Note_461
1462,Category_462,1046.0,Parent_1046,Description for Category_462,3,Inactive,2024-04-06,2024-09-04,Owner_2,Primary,
1463,Category_463,1046.0,Parent_1046,Description for Category_463,4,Active,2024-04-07,2024-09-05,Owner_3,Secondary,Note_463
1464,Category_464,1046.0,Parent_1046,Description for Category_464,5,Active,2024-04-08,2024-09-06,Owner_4,Primary,Note_464
1465,Category_465,1046.0,Parent_1046,Description for Category_465,1,Inactive,2024-04-09,2024-09-07,Owner_5,Secondary,Note_465
1466,Category_466,1046.0,Parent_1046,Description for Category_466,2,Active,2024-04-10,2024-09-08,Owner_6,Primary,Note_466
1467,Category_467,1046.0,Parent_1046,Description for Category_467,3,Active,2024-04-11,2024-09-09,Owner_7,Secondary,Note_467
1468,Category_468,1046.0,Parent_1046,Description for Category_468,4,Inactive,2024-04-12,2024-09-10,Owner_8,Primary,Note_468
1469,Category_469,1046.0,Parent_1046,Description for Category_469,5,Active,2024-04-13,2024-09-11,Owner_9,Secondary,
1470,Category_470,,,Description for Category_470,1,Active,2024-04-14,2024-09-12,Owner_0,Primary,Note_470
1471,Category_471,1047.0,Parent_1047,Description for Category_471,2,Inactive,2024-04-15,2024-09-13,Owner_1,Secondary,Note_471
1472,Category_472,1047.0,Parent_1047,Description for Category_472,3,Active,2024-04-16,2024-09-14,Owner_2,Primary,Note_472
1473,Category_473,1047.0,Parent_1047,Description for Category_473,4,Active,2024-04-17,2024-09-15,Owner_3,Secondary,Note_473
1474,Category_474,1047.0,Parent_1047,Description for Category_474,5,Inactive,2024-04-18,2024-09-16,Owner_4,Primary,Note_474
1475,Category_475,1047.0,Parent_1047,Description for Category_475,1,Active,2024-04-19,2024-09-17,Owner_5,Secondary,Note_475
1476,Category_476,1047.0,Parent_1047,Description for Category_476,2,Active,2024-04-20,2024-09-18,Owner_6,Primary,
1477,Category_477,1047.0,Parent_1047,Description for Category_477,3,Inactive,2024-04-21,2024-09-19,Owner_7,Secondary,Note_477
1478,Category_478,1047.0,Parent_1047,Description for Category_478,4,Active,2024-04-22,2024-09-20,Owner_8,Primary,Note_478
1479,Category_479,1047.0,Parent_1047,Description for Category_479,5,Active,2024-04-23,2024-09-21,Owner_9,Secondary,Note_479
1480,Category_480,,,Description for Category_480,1,Inactive,2024-04-24,2024-09-22,Owner_0,Primary,Note_480
1481,Category_481,1048.0,Parent_1048,Description for Category_481,2,Active,2024-04-25,2024-09-23,Owner_1,Secondary,Note_481
1482,Category_482,1048.0,Parent_1048,Description for Category_482,3,Active,2024-04-26,2024-09-24,Owner_2,Primary,Note_482
1483,Category_483,1048.0,Parent_1048,Description for Category_483,4,Inactive,2024-04-27,2024-09-25,Owner_3,Secondary,
1484,Category_484,1048.0,Parent_1048,Description for Category_484,5,Active,2024-04-28,2024-09-26,Owner_4,Primary,Note_484
1485,Category_485,1048.0,Parent_1048,Description for Category_485,1,Active,2024-04-29,2024-09-27,Owner_5,Secondary,Note_485
1486,Category_486,1048.0,Parent_1048,Description for Category_486,2,Inactive,2024-04-30,2024-09-28,Owner_6,Primary,Note_486
1487,Category_487,1048.0,Parent_1048,Description for Category_487,3,Active,2024-05-01,2024-09-29,Owner_7,Secondary,Note_487
1488,Category_488,1048.0,Parent_1048,Description for Category_488,4,Active,2024-05-02,2024-09-30,Owner_8,Primary,Note_488
1489,Category_489,1048.0,Parent_1048,Description for Category_489,5,Inactive,2024-05-03,2024-10-01,Owner_9,Secondary,Note_489
1490,Category_490,,,Description for Category_490,1,Active,2024-05-04,2024-10-02,Owner_0,Primary,
1491,Category_491,1049.0,Parent_1049,Description for Category_491,2,Active,2024-05-05,2024-10-03,Owner_1,Secondary,Note_491
1492,Category_492,1049.0,Parent_1049,Description for Category_492,3,Inactive,2024-05-06,2024-10-04,Owner_2,Primary,Note_492
1493,Category_493,1049.0,Parent_1049,Description for Category_493,4,Active,2024-05-07,2024-10-05,Owner_3,Secondary,Note_493
1494,Category_494,1049.0,Parent_1049,Description for Category_494,5,Active,2024-05-08,2024-10-06,Owner_4,Primary,Note_494
1495,Category_495,1049.0,Parent_1049,Description for Category_495,1,Inactive,2024-05-09,2024-10-07,Owner_5,Secondary,Note_495
1496,Category_496,1049.0,Parent_1049,Description for Category_496,2,Active,2024-05-10,2024-10-08,Owner_6,Primary,Note_496
1497,Category_497,1049.0,Parent_1049,Description for Category_497,3,Active,2024-05-11,2024-10-09,Owner_7,Secondary,
1498,Category_498,1049.0,Parent_1049,Description for Category_498,4,Inactive,2024-05-12,2024-10-10,Owner_8,Primary,Note_498
1499,Category_499,1049.0,Parent_1049,Description for Category_499,5,Active,2024-05-13,2024-10-11,Owner_9,Secondary,Note_499
1500,Category_500,,,Description for Category_500,1,Active,2024-05-14,2024-10-12,Owner_0,Primary,Note_500
